"Table","Column","CLRType","DbType","MaxLength","IsNullable","IsPrimaryKey","ForeignKeyEntity"
"Agents","AgentId","int?","int","","True","False","RealEstate.Models.Agent"
"Agents","AppointmentId","int","","","True","True","RealEstate.Models.Appointment"
"Agents","AppointmentId","int","int","","True","True","RealEstate.Models.Appointment"
"Agents","AppointmentType","string","nvarchar(20)","20","True","False",""
"Agents","Bio","string","nvarchar(max)","","False","False",""
"Agents","BrokerLatitude","double?","float","","True","False",""
"Agents","BrokerLocationLastUpdated","DateTime?","datetime2","","True","False",""
"Agents","BrokerLongitude","double?","float","","True","False",""
"Agents","BuyerType","string","nvarchar(50)","50","True","False",""
"Agents","CreatedAt","DateTime","datetime2","","True","False",""
"Agents","CreatedAt","DateTime?","datetime2","","True","False",""
"Agents","CreatedAtUtc","DateTime","datetime2","","True","False",""
"Agents","CustomerAddress","string","nvarchar(200)","200","True","False",""
"Agents","CustomerEmail","string","nvarchar(100)","100","False","False",""
"Agents","CustomerLatitude","double?","float","","True","False",""
"Agents","CustomerLongitude","double?","float","","True","False",""
"Agents","CustomerName","string","nvarchar(100)","100","False","False",""
"Agents","CustomerPhone","string","nvarchar(20)","20","True","False",""
"Agents","CustomerPhotoUrl","string","nvarchar(500)","500","True","False",""
"Agents","Email","string","nvarchar(max)","","False","False",""
"Agents","Email","string","nvarchar(255)","255","False","False",""
"Agents","EmployeeId","int?","int","","True","True","RealEstate.Models.Employee"
"Agents","FinancingStatus","string","nvarchar(50)","50","True","False",""
"Agents","FirstName","string","nvarchar(max)","","False","False",""
"Agents","FullName","string","nvarchar(100)","100","False","False",""
"Agents","Id","int","","","True","True",""
"Agents","Id","int","int","","True","True",""
"Agents","IdNumber","string","nvarchar(100)","100","True","False",""
"Agents","IdType","string","nvarchar(50)","50","True","False",""
"Agents","InformationSource","string","nvarchar(100)","100","True","False",""
"Agents","IsActive","bool","bit","","True","False",""
"Agents","IsArchived","bool","bit","","True","False",""
"Agents","LastLogin","DateTime?","datetime2","","True","False",""
"Agents","LastName","string","nvarchar(max)","","False","False",""
"Agents","LicenseNumber","string","nvarchar(max)","","False","False",""
"Agents","MeetingPoint","string","nvarchar(100)","100","True","False",""
"Agents","MiddleName","string","nvarchar(max)","","True","False",""
"Agents","Name","string","nvarchar(max)","","False","False",""
"Agents","Notes","string","nvarchar(500)","500","True","False",""
"Agents","NumberOfVisitors","int","int","","True","False",""
"Agents","Password","string","nvarchar(30)","30","False","False",""
"Agents","PasswordHash","string","nvarchar(500)","500","False","False",""
"Agents","Phone","string","nvarchar(max)","","False","False",""
"Agents","PhoneNumber","string","nvarchar(20)","20","False","False",""
"Agents","PhoneNumber","string","nvarchar(max)","","False","False",""
"Agents","PhotoUrl","string","nvarchar(max)","","False","False",""
"Agents","PreferredDate","DateTime","datetime2","","True","False",""
"Agents","PreferredTime","string","nvarchar(100)","100","True","False",""
"Agents","ProfilePhotoPath","string","nvarchar(max)","","True","False",""
"Agents","PropertyId","int","int","","True","True","RealEstate.Models.Property"
"Agents","ResumeFilePath","string","nvarchar(max)","","False","False",""
"Agents","Role","string","nvarchar(50)","50","False","False",""
"Agents","ScheduleId","int?","int","","True","True","RealEstate.Models.Schedule"
"Agents","Status","string","nvarchar(20)","20","False","False",""
"Agents","Status","string","nvarchar(50)","50","False","False",""
"Agents","Title","string","nvarchar(max)","","False","False",""
"Agents","TransportationMethod","string","nvarchar(50)","50","True","False",""
"Agents","UpdatedAt","DateTime?","datetime2","","True","False",""
"Agents","UserId","int","int","","True","True","RealEstate.Models.ApplicationUser"
"Agents","UserId","int","","","True","True","RealEstate.Models.ApplicationUser"
"Agents","UserId","int?","int","","True","True","RealEstate.Models.ApplicationUser"
"Agents","Username","string","nvarchar(50)","50","False","False",""
"Agents","ValidIdFilePath","string","nvarchar(max)","","False","False",""
"Agents","YearsOfExperience","int","int","","True","False",""
"Appointments","Action","string","nvarchar(max)","","False","False",""
"Appointments","CreatedAt","DateTime","datetime2","","True","False",""
"Appointments","Description","string","nvarchar(max)","","False","False",""
"Appointments","EntityId","int?","int","","True","False",""
"Appointments","EntityType","string","nvarchar(max)","","False","False",""
"Appointments","IPAddress","string","nvarchar(max)","","False","False",""
"Appointments","LogId","int","","","True","True",""
"Appointments","LogId","int","int","","True","True",""
"Appointments","NewValues","string","nvarchar(max)","","False","False",""
"Appointments","OldValues","string","nvarchar(max)","","False","False",""
"Appointments","UserAgent","string","nvarchar(max)","","False","False",""
"Appointments","UserId","int?","int","","True","False","RealEstate.Models.ApplicationUser"
"Appointments","UserRole","string","nvarchar(max)","","False","False",""
"AuditLogs","ActivityId","int","","","True","True",""
"AuditLogs","ActivityId","int","int","","True","True",""
"AuditLogs","ActivityType","string","nvarchar(max)","","False","False",""
"AuditLogs","CampaignId","int","int","","True","True","RealEstate.Models.MarketingCampaign"
"AuditLogs","CreatedAt","DateTime","datetime2","","True","False",""
"AuditLogs","Description","string","nvarchar(max)","","False","False",""
"AuditLogs","Metadata","string","nvarchar(max)","","True","False",""
"AuditLogs","RecipientId","int?","int","","True","True",""
"CampaignActivities","CampaignId","int","int","","True","True","RealEstate.Models.MarketingCampaign"
"CampaignActivities","ClickedAt","DateTime?","datetime2","","True","False",""
"CampaignActivities","ConvertedAt","DateTime?","datetime2","","True","False",""
"CampaignActivities","CustomerId","int?","int","","True","True","RealEstate.Models.Customer"
"CampaignActivities","Email","string","nvarchar(max)","","False","False",""
"CampaignActivities","Error","string","nvarchar(max)","","True","False",""
"CampaignActivities","OpenedAt","DateTime?","datetime2","","True","False",""
"CampaignActivities","PhoneNumber","string","nvarchar(max)","","False","False",""
"CampaignActivities","RecipientId","int","int","","True","True",""
"CampaignActivities","RecipientId","int","","","True","True",""
"CampaignActivities","SentAt","DateTime?","datetime2","","True","False",""
"CampaignActivities","Status","string","nvarchar(max)","","False","False",""
"CampaignRecipients","Amount","decimal","decimal(18,2)","","True","False",""
"CampaignRecipients","CommissionId","int","","","True","True",""
"CampaignRecipients","CommissionId","int","int","","True","True",""
"CampaignRecipients","EmployeeId","int","int","","True","True","RealEstate.Models.Employee"
"CampaignRecipients","Message","string","nvarchar(max)","","False","False",""
"CampaignRecipients","Status","string","nvarchar(max)","","False","False",""
"CampaignRecipients","TransactionId","int","int","","True","True","RealEstate.Models.Transaction"
"CommissionBatches","AccountingPayoutStatus","int","int","","True","False",""
"CommissionBatches","AccountingReleasedAtUtc","DateTime?","datetime2","","True","False",""
"CommissionBatches","AccountingReleasedByUserId","int?","int","","True","False",""
"CommissionBatches","AddOnsTotal","decimal","decimal(18,2)","","True","False",""
"CommissionBatches","AgentPayoutAmount","decimal","decimal(18,2)","","True","False",""
"CommissionBatches","AgentSplitPercent","decimal","decimal(18,2)","","True","False",""
"CommissionBatches","AgentUserId","int","int","","True","False",""
"CommissionBatches","AuditJson","string","nvarchar(2000)","2000","False","False",""
"CommissionBatches","BatchId","string","nvarchar(80)","80","True","False",""
"CommissionBatches","BrokerUserId","int?","int","","True","False",""
"CommissionBatches","CompanySplitPercent","decimal","decimal(18,2)","","True","False",""
"CommissionBatches","CompletedAtUtc","DateTime?","datetime2","","True","False",""
"CommissionBatches","CreatedAtUtc","DateTime","datetime2","","True","False",""
"CommissionBatches","DealDocumentsJson","string","nvarchar(1000)","1000","False","False",""
"CommissionBatches","GrossCommission","decimal","decimal(18,2)","","True","False",""
"CommissionBatches","Id","int","int","","True","True",""
"CommissionBatches","Id","int","","","True","True",""
"CommissionBatches","ManagerApprovedAtUtc","DateTime?","datetime2","","True","False",""
"CommissionBatches","ManagerApprovedByUserId","int?","int","","True","False",""
"CommissionBatches","ManagerNotes","string","nvarchar(500)","500","True","False",""
"CommissionBatches","PayStubUrl","string","nvarchar(500)","500","True","False",""
"CommissionBatches","PropertyAddress","string","nvarchar(300)","300","True","False",""
"CommissionBatches","PropertyId","int?","int","","True","True","RealEstate.Models.Property"
"CommissionBatches","PropertyLabel","string","nvarchar(200)","200","False","False",""
"CommissionBatches","RejectedAtUtc","DateTime?","datetime2","","True","False",""
"CommissionBatches","RejectedByUserId","int?","int","","True","False",""
"CommissionBatches","Status","int","int","","True","False",""
"CommissionBatches","TransferredToAccountingAtUtc","DateTime?","datetime2","","True","False",""
"CommissionDeals","AgentSplitPercent","decimal","decimal(18,2)","","True","False",""
"CommissionDeals","CommissionPercent","decimal","decimal(18,2)","","True","False",""
"CommissionDeals","CompanySharePercent","decimal","decimal(18,2)","","True","False",""
"CommissionDeals","CompanySplitPercent","decimal","decimal(18,2)","","True","False",""
"CommissionDeals","CreatedAt","DateTime","datetime2","","True","False",""
"CommissionDeals","IsActive","bool","bit","","True","False",""
"CommissionDeals","ManagerId","int?","int","","True","False","RealEstate.Models.ApplicationUser"
"CommissionDeals","MinimumDealThreshold","decimal","decimal(18,2)","","True","False",""
"CommissionDeals","RuleId","int","","","True","True",""
"CommissionDeals","RuleId","int","int","","True","True",""
"CommissionDeals","UpdatedAt","DateTime?","datetime2","","True","False",""
"CommissionRules","Address","string","nvarchar(max)","","True","False",""
"CommissionRules","BrokerId","int?","int","","True","False",""
"CommissionRules","CardholderName","string","nvarchar(max)","","True","False",""
"CommissionRules","CardNumber","string","nvarchar(max)","","True","False",""
"CommissionRules","City","string","nvarchar(max)","","True","False",""
"CommissionRules","Country","string","nvarchar(max)","","True","False",""
"CommissionRules","CreatedDate","DateTime","datetime2","","True","False",""
"CommissionRules","CustomerId","int","","","True","True","RealEstate.Models.Customer"
"CommissionRules","CustomerId","int","int","","True","True","RealEstate.Models.Customer"
"CommissionRules","CVV","string","nvarchar(max)","","True","False",""
"CommissionRules","Email","string","nvarchar(max)","","False","False",""
"CommissionRules","ExpiryDate","string","nvarchar(max)","","True","False",""
"CommissionRules","FullName","string","nvarchar(max)","","False","False",""
"CommissionRules","InterestedProperties","string","nvarchar(max)","","True","False",""
"CommissionRules","IsActive","bool","bit","","True","False",""
"CommissionRules","LastContactedDate","DateTime?","datetime2","","True","False",""
"CommissionRules","MaxBudget","decimal?","decimal(18,2)","","True","False",""
"CommissionRules","MinBudget","decimal?","decimal(18,2)","","True","False",""
"CommissionRules","Notes","string","nvarchar(max)","","True","False",""
"CommissionRules","PaymentMethod","string","nvarchar(max)","","False","False",""
"CommissionRules","Phone","string","nvarchar(max)","","False","False",""
"CommissionRules","PropertyType","string","nvarchar(max)","","False","False",""
"CommissionRules","PurchasedPropertyId","int?","int","","True","False","RealEstate.Models.Property"
"CommissionRules","State","string","nvarchar(max)","","True","False",""
"CommissionRules","Status","string","nvarchar(max)","","False","False",""
"CommissionRules","ZipCode","string","nvarchar(max)","","True","False",""
"Commissions","BatchId","string","nvarchar(80)","80","False","False",""
"Commissions","CompletedAtUtc","DateTime?","datetime2","","True","False",""
"Commissions","CompletedByUserId","int?","int","","True","False",""
"Commissions","CreatedAtUtc","DateTime","datetime2","","True","False",""
"Commissions","CreatedByUserId","int","int","","True","False",""
"Commissions","Id","int","","","True","True",""
"Commissions","Id","int","int","","True","True",""
"Commissions","Status","int","int","","True","False",""
"Customers","CreatedAt","DateTime","datetime2","","True","False",""
"Customers","CreatedBy","int?","int","","True","False","RealEstate.Models.Employee"
"Customers","Criteria","string","nvarchar(max)","","False","False",""
"Customers","CustomerCount","int","int","","True","False",""
"Customers","Description","string","nvarchar(max)","","False","False",""
"Customers","IsActive","bool","bit","","True","False",""
"Customers","Name","string","nvarchar(200)","200","False","False",""
"Customers","SegmentId","int","","","True","True","RealEstate.Models.CustomerSegment"
"Customers","SegmentId","int","int","","True","True","RealEstate.Models.CustomerSegment"
"Customers","UpdatedAt","DateTime?","datetime2","","True","False",""
"CustomerSegments","CreatedAt","DateTime","datetime2","","True","False",""
"CustomerSegments","DeptId","int","","","True","True",""
"CustomerSegments","DeptId","int","int","","True","True",""
"CustomerSegments","DeptName","string","nvarchar(max)","","False","False",""
"Departments","DepartmentDeptId","int","int","","True","False","RealEstate.Models.Department"
"Departments","DeptId","int","int","","True","False",""
"Departments","EmployeeId","int","int","","True","True","RealEstate.Models.Employee"
"Departments","EmployeeId","int","","","True","True","RealEstate.Models.Employee"
"Departments","HireDate","DateTime","datetime2","","True","False",""
"Departments","Salary","decimal","decimal(18,2)","","True","False",""
"Departments","Status","string","nvarchar(max)","","False","False",""
"Departments","UserId","int","int","","True","False","RealEstate.Models.ApplicationUser"
"Employees","Category","string","nvarchar(100)","100","False","False",""
"Employees","CreatedAt","DateTime","datetime2","","True","False",""
"Employees","Criteria","string","nvarchar(500)","500","False","False",""
"Employees","Icon","string","nvarchar(50)","50","False","False",""
"Employees","Id","int","","","True","True",""
"Employees","Id","int","int","","True","True",""
"Employees","IsActive","bool","bit","","True","False",""
"Employees","Name","string","nvarchar(100)","100","False","False",""
"Employees","SortOrder","int","int","","True","False",""
"Employees","UpdatedAt","DateTime?","datetime2","","True","False",""
"Inquiries","IdentityVerified","bool","bit","","True","False",""
"Inquiries","Rating","int","int","","True","False",""
"Inquiries","SellerId","int","int","","True","True","RealEstate.Models.PropertySeller"
"Inquiries","SellerId","int","","","True","True","RealEstate.Models.PropertySeller"
"Inquiries","SellerName","string","nvarchar(max)","","False","False",""
"Inquiries","UserId","int","int","","True","False","RealEstate.Models.ApplicationUser"
"InspectionItems","DateIssued","DateTime","datetime2","","True","False",""
"InspectionItems","EmployeeId","int","int","","True","False","RealEstate.Models.Employee"
"InspectionItems","InvoiceId","int","","","True","True","RealEstate.Models.Invoice"
"InspectionItems","InvoiceId","int","int","","True","True","RealEstate.Models.Invoice"
"InspectionItems","Status","string","nvarchar(max)","","False","False",""
"InspectionItems","TotalAmount","decimal","decimal(18,2)","","True","False",""
"InspectionItems","TransactionId","int","int","","True","True","RealEstate.Models.Transaction"
"InspectionItems","TransactionId1","int?","int","","True","False","RealEstate.Models.Transaction"
"Invoices","Action","string","nvarchar(max)","","False","False",""
"Invoices","IpAddress","string","nvarchar(max)","","False","False",""
"Invoices","LogId","int","int","","True","True",""
"Invoices","LogId","int","","","True","True",""
"Invoices","Timestamp","DateTime","datetime2","","True","False",""
"Invoices","UserId","int","int","","True","False","RealEstate.Models.ApplicationUser"
"Logs","ActualCost","decimal?","decimal(18,2)","","True","False",""
"Logs","Budget","decimal","decimal(18,2)","","True","False",""
"Logs","CampaignId","int","int","","True","True","RealEstate.Models.MarketingCampaign"
"Logs","CampaignId","int","","","True","True","RealEstate.Models.MarketingCampaign"
"Logs","CampaignType","string","nvarchar(max)","","False","False",""
"Logs","ClickedCount","int","int","","True","False",""
"Logs","ClickRate","double","float","","True","False",""
"Logs","ConversionRate","double","float","","True","False",""
"Logs","ConvertedCount","int","int","","True","False",""
"Logs","CreatedAt","DateTime","datetime2","","True","False",""
"Logs","CreatedBy","int?","int","","True","False","RealEstate.Models.Employee"
"Logs","Description","string","nvarchar(max)","","False","False",""
"Logs","EndDate","DateTime?","datetime2","","True","False",""
"Logs","ModifiedAt","DateTime?","datetime2","","True","False",""
"Logs","Name","string","nvarchar(200)","200","False","False",""
"Logs","OpenedCount","int","int","","True","False",""
"Logs","OpenRate","double","float","","True","False",""
"Logs","SentCount","int","int","","True","False",""
"Logs","StartDate","DateTime?","datetime2","","True","False",""
"Logs","Status","string","nvarchar(max)","","False","False",""
"Logs","TargetAudienceCount","int","int","","True","False",""
"Logs","TargetSegment","string","nvarchar(max)","","False","False",""
"Logs","TemplateId","string","nvarchar(max)","","True","False",""
"MarketingCampaigns","AgentId","int?","int","","True","False","RealEstate.Models.Agent"
"MarketingCampaigns","AppointmentId","int?","int","","True","False","RealEstate.Models.Appointment"
"MarketingCampaigns","CreatedAtUtc","DateTime","datetime2","","True","False",""
"MarketingCampaigns","DataJson","string","nvarchar(max)","","False","False",""
"MarketingCampaigns","EmployeeId","int?","int","","True","False","RealEstate.Models.Employee"
"MarketingCampaigns","IsRead","bool","bit","","True","False",""
"MarketingCampaigns","Message","string","nvarchar(1000)","1000","False","False",""
"MarketingCampaigns","NotificationId","int","","","True","True",""
"MarketingCampaigns","NotificationId","int","int","","True","True",""
"MarketingCampaigns","NotificationType","string","nvarchar(max)","","False","False",""
"MarketingCampaigns","ReadAtUtc","DateTime?","datetime2","","True","False",""
"MarketingCampaigns","RelatedEntityId","int?","int","","True","False",""
"MarketingCampaigns","RelatedEntityType","string","nvarchar(max)","","False","False",""
"MarketingCampaigns","Title","string","nvarchar(200)","200","False","False",""
"MarketingCampaigns","UserId","int?","int","","True","False","RealEstate.Models.ApplicationUser"
"Notifications","ActivityDate","DateTime","datetime2","","True","False",""
"Notifications","ActivityId","int","int","","True","True",""
"Notifications","ActivityId","int","","","True","True",""
"Notifications","ActivityType","string","nvarchar(max)","","False","False",""
"Notifications","CompletedAt","DateTime?","datetime2","","True","False",""
"Notifications","CreatedAt","DateTime","datetime2","","True","False",""
"Notifications","Description","string","nvarchar(max)","","False","False",""
"Notifications","OpportunityId","int","int","","True","True","RealEstate.Models.SalesOpportunity"
"Notifications","PerformedBy","int?","int","","True","False","RealEstate.Models.Employee"
"Notifications","Status","string","nvarchar(max)","","False","False",""
"Notifications","Subject","string","nvarchar(max)","","False","False",""
"OpportunityActivities","CreatedAt","DateTime","datetime2","","True","False",""
"OpportunityActivities","CreatedBy","int?","int","","True","False","RealEstate.Models.Employee"
"OpportunityActivities","IsPrivate","bool","bit","","True","False",""
"OpportunityActivities","Note","string","nvarchar(max)","","False","False",""
"OpportunityActivities","NoteId","int","int","","True","True",""
"OpportunityActivities","NoteId","int","","","True","True",""
"OpportunityActivities","OpportunityId","int","int","","True","True","RealEstate.Models.SalesOpportunity"
"OpportunityNotes","ExpiresAt","DateTime","datetime2","","True","False",""
"OpportunityNotes","IsUsed","bool","bit","","True","False",""
"OpportunityNotes","OtpCode","string","nvarchar(max)","","False","False",""
"OpportunityNotes","OtpId","int","int","","True","True",""
"OpportunityNotes","OtpId","int","","","True","True",""
"OpportunityNotes","UserId","int","int","","True","False","RealEstate.Models.ApplicationUser"
"Otps","CreatedAt","DateTime","datetime2","","True","False",""
"Otps","ExpiresAt","DateTime","datetime2","","True","False",""
"Otps","Id","int","","","True","True",""
"Otps","Id","int","int","","True","True",""
"Otps","IsUsed","bool","bit","","True","False",""
"Otps","OtpCode","string","nvarchar(max)","","False","False",""
"Otps","UserId","int","int","","True","False","RealEstate.Models.ApplicationUser"
"OtpVerifications","Amount","decimal","decimal(18,2)","","True","False",""
"OtpVerifications","CreatedAt","DateTime","datetime2","","True","False",""
"OtpVerifications","CustomerAddress","string","nvarchar(max)","","True","False",""
"OtpVerifications","CustomerEmail","string","nvarchar(max)","","True","False",""
"OtpVerifications","CustomerId","int?","int","","True","False","RealEstate.Models.Customer"
"OtpVerifications","CustomerName","string","nvarchar(max)","","True","False",""
"OtpVerifications","CustomerPhone","string","nvarchar(max)","","True","False",""
"OtpVerifications","InvoiceId","int","int","","True","False","RealEstate.Models.Invoice"
"OtpVerifications","PaymentFrequency","string","nvarchar(max)","","True","False",""
"OtpVerifications","PaymentId","int","","","True","True",""
"OtpVerifications","PaymentId","int","int","","True","True",""
"OtpVerifications","PaymentMethod","string","nvarchar(max)","","False","False",""
"OtpVerifications","ProcessedAt","DateTime?","datetime2","","True","False",""
"OtpVerifications","PropertyId","int?","int","","True","True","RealEstate.Models.Property"
"OtpVerifications","PropertyType","string","nvarchar(max)","","False","False",""
"OtpVerifications","ReferenceNumber","string","nvarchar(max)","","False","False",""
"OtpVerifications","Status","string","nvarchar(max)","","False","False",""
"Payments","Amount","decimal","decimal(18,2)","","True","False",""
"Payments","CreatedDate","DateTime","datetime2","","True","False",""
"Payments","Currency","string","nvarchar(max)","","False","False",""
"Payments","CustomerId","int","int","","True","False","RealEstate.Models.Customer"
"Payments","Description","string","nvarchar(max)","","False","False",""
"Payments","ErrorMessage","string","nvarchar(max)","","False","False",""
"Payments","Id","int","int","","True","True",""
"Payments","Id","int","","","True","True",""
"Payments","IsProcessed","bool","bit","","True","False",""
"Payments","PaymentMethod","string","nvarchar(max)","","False","False",""
"Payments","PayMongoPaymentIntentId","string","nvarchar(max)","","False","False",""
"Payments","PayMongoSourceId","string","nvarchar(max)","","False","False",""
"Payments","Status","string","nvarchar(max)","","False","False",""
"Payments","UpdatedDate","DateTime?","datetime2","","True","False",""
"Payments","WebhookResponse","string","nvarchar(max)","","False","False",""
"PaymentTransactions","Accommodation","string","nvarchar(max)","","False","False",""
"PaymentTransactions","AgentId","int?","int","","True","False","RealEstate.Models.Agent"
"PaymentTransactions","AmenitiesVerified","bool","bit","","True","False",""
"PaymentTransactions","ApprovedBy","int?","int","","True","False",""
"PaymentTransactions","ApproverUserId","int?","int","","True","False","RealEstate.Models.ApplicationUser"
"PaymentTransactions","ArchivedAt","DateTime?","datetime2","","True","False",""
"PaymentTransactions","AreaVerified","bool","bit","","True","False",""
"PaymentTransactions","AuditLogJson","string","nvarchar(2000)","2000","True","False",""
"PaymentTransactions","BasePrice","decimal","decimal(18,2)","","True","False",""
"PaymentTransactions","Bathrooms","int","int","","True","False",""
"PaymentTransactions","Bedrooms","int","int","","True","False",""
"PaymentTransactions","ContactMethod","string","nvarchar(100)","100","True","False",""
"PaymentTransactions","ContactNotes","string","nvarchar(1000)","1000","True","False",""
"PaymentTransactions","CoverImage","string","nvarchar(500)","500","True","False",""
"PaymentTransactions","CreatedAt","DateTime","datetime2","","True","False",""
"PaymentTransactions","DealArrangementDate","DateTime?","datetime2","","True","False",""
"PaymentTransactions","DealArrangementScheduled","bool","bit","","True","False",""
"PaymentTransactions","DecisionAt","DateTime?","datetime2","","True","False",""
"PaymentTransactions","DeletedAt","DateTime?","datetime2","","True","False",""
"PaymentTransactions","Description","string","nvarchar(max)","","False","False",""
"PaymentTransactions","DocumentNotes","string","nvarchar(1000)","1000","True","False",""
"PaymentTransactions","DocumentsReceived","bool","bit","","True","False",""
"PaymentTransactions","DocumentsReceivedAt","DateTime?","datetime2","","True","False",""
"PaymentTransactions","DocumentsVerified","bool","bit","","True","False",""
"PaymentTransactions","DocumentsVerifiedAt","DateTime?","datetime2","","True","False",""
"PaymentTransactions","DocumentUrlsJson","string","nvarchar(2000)","2000","True","False",""
"PaymentTransactions","EmployeeId","int?","int","","True","False","RealEstate.Models.Employee"
"PaymentTransactions","ExpectedCompletionDate","DateTime?","datetime2","","True","False",""
"PaymentTransactions","ExpectedTimeframeDays","int?","int","","True","False",""
"PaymentTransactions","FinalPrice","decimal?","decimal(18,2)","","True","False",""
"PaymentTransactions","FinalReviewNotes","string","nvarchar(1000)","1000","True","False",""
"PaymentTransactions","InspectionCompleted","bool","bit","","True","False",""
"PaymentTransactions","InspectionCompletedAt","DateTime?","datetime2","","True","False",""
"PaymentTransactions","InspectionNotes","string","nvarchar(1000)","1000","True","False",""
"PaymentTransactions","InspectionResult","string","nvarchar(50)","50","True","False",""
"PaymentTransactions","InspectionScheduled","bool","bit","","True","False",""
"PaymentTransactions","InspectionScheduledDate","DateTime?","datetime2","","True","False",""
"PaymentTransactions","IsApproved","bool","bit","","True","False",""
"PaymentTransactions","IsArchived","bool","bit","","True","False",""
"PaymentTransactions","IsDeleted","bool","bit","","True","False",""
"PaymentTransactions","IsReadyForListing","bool","bit","","True","False",""
"PaymentTransactions","IsRejected","bool","bit","","True","False",""
"PaymentTransactions","IsSold","bool","bit","","True","False",""
"PaymentTransactions","Latitude","double?","float","","True","False",""
"PaymentTransactions","ListingType","int","int","","True","False",""
"PaymentTransactions","Location","string","nvarchar(max)","","False","False",""
"PaymentTransactions","LocationVerified","bool","bit","","True","False",""
"PaymentTransactions","Longitude","double?","float","","True","False",""
"PaymentTransactions","ManagerNotes","string","nvarchar(1000)","1000","True","False",""
"PaymentTransactions","MarketValue","decimal?","decimal(18,2)","","True","False",""
"PaymentTransactions","ParkingSlots","int","int","","True","False",""
"PaymentTransactions","ProfitabilityRating","string","nvarchar(max)","","True","False",""
"PaymentTransactions","PropertyDetailsNotes","string","nvarchar(1000)","1000","True","False",""
"PaymentTransactions","PropertyId","int","int","","True","True","RealEstate.Models.Property"
"PaymentTransactions","PropertyId","int","","","True","True","RealEstate.Models.Property"
"PaymentTransactions","PropertyType","string","nvarchar(max)","","False","False",""
"PaymentTransactions","PropertyTypeTypeId","int?","int","","True","False","RealEstate.Models.PropertyType"
"PaymentTransactions","PropertyVerified","bool","bit","","True","False",""
"PaymentTransactions","ReadyForApproval","bool","bit","","True","False",""
"PaymentTransactions","ReadyForApprovalAt","DateTime?","datetime2","","True","False",""
"PaymentTransactions","ReadyForListingDate","DateTime?","datetime2","","True","False",""
"PaymentTransactions","RejectionReason","string","nvarchar(1000)","1000","True","False",""
"PaymentTransactions","RentCastLastUpdated","DateTime?","datetime2","","True","False",""
"PaymentTransactions","RentEstimate","decimal?","decimal(18,2)","","True","False",""
"PaymentTransactions","ReviewDueDate","DateTime?","datetime2","","True","False",""
"PaymentTransactions","ReviewStatus","string","nvarchar(max)","","True","False",""
"PaymentTransactions","ReviewTimeframeDays","int?","int","","True","False",""
"PaymentTransactions","SellerContacted","bool","bit","","True","False",""
"PaymentTransactions","SellerContactedAt","DateTime?","datetime2","","True","False",""
"PaymentTransactions","SellerId","int?","int","","True","True","RealEstate.Models.PropertySeller"
"PaymentTransactions","SoldDate","DateTime?","datetime2","","True","False",""
"PaymentTransactions","SourceSellerListingId","int?","int","","True","False",""
"PaymentTransactions","Sqft","int","int","","True","False",""
"PaymentTransactions","Status","string","nvarchar(max)","","False","False",""
"PaymentTransactions","SuggestedPrice","decimal?","decimal(18,2)","","True","False",""
"PaymentTransactions","Title","string","nvarchar(max)","","False","False",""
"PaymentTransactions","UpdatedAt","DateTime?","datetime2","","True","False",""
"PaymentTransactions","VerifiedDocumentTypesJson","string","nvarchar(1000)","1000","True","False",""
"PaymentTransactions","YieldScore","decimal?","decimal(18,2)","","True","False",""
"Properties","CreatedAt","DateTime","datetime2","","True","False",""
"Properties","CustomerEmail","string","nvarchar(max)","","False","False",""
"Properties","CustomerName","string","nvarchar(max)","","False","False",""
"Properties","CustomerPhone","string","nvarchar(max)","","True","False",""
"Properties","Id","int","int","","True","True",""
"Properties","Id","int","","","True","True",""
"Properties","Message","string","nvarchar(max)","","False","False",""
"Properties","PropertyId","int","int","","True","False","RealEstate.Models.Property"
"Properties","Reply","string","nvarchar(max)","","True","False",""
"Properties","Status","int","int","","True","False",""
"PropertyTypes","AgentEarnings","decimal","decimal(18,2)","","True","False",""
"PropertyTypes","AgentId","int?","int","","True","False","RealEstate.Models.Agent"
"PropertyTypes","AgentSplitPercent","decimal","decimal(18,2)","","True","False",""
"PropertyTypes","ApprovedDate","DateTime?","datetime2","","True","False",""
"PropertyTypes","BrokerEarnings","decimal","decimal(18,2)","","True","False",""
"PropertyTypes","BrokerSplitPercent","decimal","decimal(18,2)","","True","False",""
"PropertyTypes","CommissionPool","decimal","decimal(18,2)","","True","False",""
"PropertyTypes","CommissionRate","decimal","decimal(18,2)","","True","False",""
"PropertyTypes","LeaseTerm","int","int","","True","False",""
"PropertyTypes","ManagerId","int?","int","","True","False","RealEstate.Models.ApplicationUser"
"PropertyTypes","Notes","string","nvarchar(max)","","True","False",""
"PropertyTypes","PaidDate","DateTime?","datetime2","","True","False",""
"PropertyTypes","PropertyId","int","int","","True","False","RealEstate.Models.Property"
"PropertyTypes","SaleId","int","","","True","True",""
"PropertyTypes","SaleId","int","int","","True","True",""
"PropertyTypes","Status","string","nvarchar(max)","","False","False",""
"PropertyTypes","TotalContractPrice","decimal","decimal(18,2)","","True","False",""
"PropertyTypes","TransactionDate","DateTime","datetime2","","True","False",""
"SalesOpportunities","CreatedAt","DateTime","datetime2","","True","False",""
"SalesOpportunities","CreatedBy","int?","int","","True","False","RealEstate.Models.Employee"
"SalesOpportunities","Description","string","nvarchar(max)","","False","False",""
"SalesOpportunities","IsActive","bool","bit","","True","False",""
"SalesOpportunities","IsDefault","bool","bit","","True","False",""
"SalesOpportunities","Name","string","nvarchar(200)","200","False","False",""
"SalesOpportunities","PipelineId","int","int","","True","True",""
"SalesOpportunities","PipelineId","int","","","True","True",""
"SalesOpportunities","Stages","string","nvarchar(max)","","False","False",""
"SalesPipelines","Day","DateTime","datetime2","","True","False",""
"SalesPipelines","EmployeeId","int","int","","True","False","RealEstate.Models.Employee"
"SalesPipelines","EndTime","TimeSpan","time","","True","False",""
"SalesPipelines","ScheduleId","int","int","","True","True","RealEstate.Models.Schedule"
"SalesPipelines","ScheduleId","int","","","True","True","RealEstate.Models.Schedule"
"SalesPipelines","StartTime","TimeSpan","time","","True","False",""
"SalesPipelines","UserId","int","int","","True","False","RealEstate.Models.ApplicationUser"
"SaleTransactions","ActualCloseDate","DateTime?","datetime2","","True","False",""
"SaleTransactions","ActualValue","decimal?","decimal(18,2)","","True","False",""
"SaleTransactions","AssignedTo","int?","int","","True","False","RealEstate.Models.Employee"
"SaleTransactions","CreatedAt","DateTime","datetime2","","True","False",""
"SaleTransactions","CreatedBy","int?","int","","True","False","RealEstate.Models.Employee"
"SaleTransactions","CustomerId","int?","int","","True","False","RealEstate.Models.Customer"
"SaleTransactions","Description","string","nvarchar(max)","","False","False",""
"SaleTransactions","EstimatedValue","decimal","decimal(18,2)","","True","False",""
"SaleTransactions","ExpectedCloseDate","DateTime","datetime2","","True","False",""
"SaleTransactions","FollowUpDate","DateTime?","datetime2","","True","False",""
"SaleTransactions","LostReason","string","nvarchar(max)","","True","False",""
"SaleTransactions","ModifiedAt","DateTime?","datetime2","","True","False",""
"SaleTransactions","NextStep","string","nvarchar(max)","","True","False",""
"SaleTransactions","OpportunityId","int","int","","True","True","RealEstate.Models.SalesOpportunity"
"SaleTransactions","OpportunityId","int","","","True","True","RealEstate.Models.SalesOpportunity"
"SaleTransactions","Probability","int","int","","True","False",""
"SaleTransactions","PropertyId","int?","int","","True","False","RealEstate.Models.Property"
"SaleTransactions","SalesPipelinePipelineId","int?","int","","True","False","RealEstate.Models.SalesPipeline"
"SaleTransactions","Source","string","nvarchar(max)","","False","False",""
"SaleTransactions","Stage","string","nvarchar(max)","","False","False",""
"SaleTransactions","Title","string","nvarchar(200)","200","False","False",""
"Schedules","AddedAt","DateTime","datetime2","","True","False",""
"Schedules","AddedBy","string","nvarchar(max)","","True","False",""
"Schedules","CustomerId","int","int","","True","False","RealEstate.Models.Customer"
"Schedules","MembershipId","int","","","True","True",""
"Schedules","MembershipId","int","int","","True","True",""
"Schedules","SegmentId","int","int","","True","False","RealEstate.Models.CustomerSegment"
"SegmentMemberships","AssignedTo","int?","int","","True","False","RealEstate.Models.Employee"
"SegmentMemberships","AttachmentUrls","string","nvarchar(max)","","False","False",""
"SegmentMemberships","Category","string","nvarchar(max)","","False","False",""
"SegmentMemberships","ClosedAt","DateTime?","datetime2","","True","False",""
"SegmentMemberships","CreatedAt","DateTime","datetime2","","True","False",""
"SegmentMemberships","CustomerId","int?","int","","True","False","RealEstate.Models.Customer"
"SegmentMemberships","Description","string","nvarchar(max)","","False","False",""
"SegmentMemberships","DueDate","DateTime?","datetime2","","True","False",""
"SegmentMemberships","EscalatedAt","DateTime?","datetime2","","True","False",""
"SegmentMemberships","EscalationReason","string","nvarchar(max)","","False","False",""
"SegmentMemberships","IsEscalated","bool","bit","","True","False",""
"SegmentMemberships","Priority","string","nvarchar(max)","","False","False",""
"SegmentMemberships","RelatedPropertyId","int?","int","","True","False","RealEstate.Models.Property"
"SegmentMemberships","Resolution","string","nvarchar(max)","","False","False",""
"SegmentMemberships","ResolvedAt","DateTime?","datetime2","","True","False",""
"SegmentMemberships","Status","string","nvarchar(max)","","False","False",""
"SegmentMemberships","Subject","string","nvarchar(200)","200","False","False",""
"SegmentMemberships","TicketId","int","","","True","True","RealEstate.Models.SupportTicket"
"SegmentMemberships","TicketId","int","int","","True","True","RealEstate.Models.SupportTicket"
"Sellers","TypeId","int","int","","True","True",""
"Sellers","TypeId","int","","","True","True",""
"Sellers","TypeName","string","nvarchar(max)","","False","False",""
"SupportTickets","ContactEmail","string","nvarchar(255)","255","False","False",""
"SupportTickets","CreatedAt","DateTime","datetime2","","True","False",""
"SupportTickets","DefaultCommissionRate","decimal","decimal(18,2)","","True","False",""
"SupportTickets","EnableRegistration","bool","bit","","True","False",""
"SupportTickets","Id","int","int","","True","True",""
"SupportTickets","Id","int","","","True","True",""
"SupportTickets","MaintenanceMode","bool","bit","","True","False",""
"SupportTickets","MinimumPropertyPrice","decimal","decimal(18,2)","","True","False",""
"SupportTickets","SiteDescription","string","nvarchar(500)","500","False","False",""
"SupportTickets","SiteName","string","nvarchar(100)","100","False","False",""
"SupportTickets","SupportPhone","string","nvarchar(50)","50","False","False",""
"SupportTickets","UpdatedAt","DateTime?","datetime2","","True","False",""
"SystemSettings","AttachmentId","int","","","True","True",""
"SystemSettings","AttachmentId","int","int","","True","True",""
"SystemSettings","FileName","string","nvarchar(500)","500","False","False",""
"SystemSettings","FileSize","long","bigint","","True","False",""
"SystemSettings","FileType","string","nvarchar(max)","","False","False",""
"SystemSettings","FileUrl","string","nvarchar(500)","500","False","False",""
"SystemSettings","TicketId","int","int","","True","False","RealEstate.Models.SupportTicket"
"SystemSettings","UploadedAt","DateTime","datetime2","","True","False",""
"SystemSettings","UploadedBy","int?","int","","True","False",""
"TicketAttachments","AuthorId","int?","int","","True","False",""
"TicketAttachments","AuthorType","string","nvarchar(max)","","False","False",""
"TicketAttachments","Comment","string","nvarchar(max)","","False","False",""
"TicketAttachments","CommentId","int","int","","True","True",""
"TicketAttachments","CommentId","int","","","True","True",""
"TicketAttachments","CreatedAt","DateTime","datetime2","","True","False",""
"TicketAttachments","IsInternal","bool","bit","","True","False",""
"TicketAttachments","TicketId","int","int","","True","False","RealEstate.Models.SupportTicket"
"TicketComments","AgentId","int?","int","","True","False","RealEstate.Models.Agent"
"TicketComments","AgentLatitude","double","float","","True","False",""
"TicketComments","AgentLongitude","double","float","","True","False",""
"TicketComments","CustomerEmail","string","nvarchar(max)","","False","False",""
"TicketComments","CustomerLatitude","double","float","","True","False",""
"TicketComments","CustomerLongitude","double","float","","True","False",""
"TicketComments","CustomerName","string","nvarchar(max)","","False","False",""
"TicketComments","CustomerPhone","string","nvarchar(max)","","False","False",""
"TicketComments","EndedAt","DateTime?","datetime2","","True","False",""
"TicketComments","Id","int","","","True","True",""
"TicketComments","Id","int","int","","True","True",""
"TicketComments","LastUpdated","DateTime?","datetime2","","True","False",""
"TicketComments","Notes","string","nvarchar(max)","","True","False",""
"TicketComments","PropertyId","int","int","","True","False","RealEstate.Models.Property"
"TicketComments","PropertyLatitude","double","float","","True","False",""
"TicketComments","PropertyLongitude","double","float","","True","False",""
"TicketComments","StartedAt","DateTime","datetime2","","True","False",""
"TicketComments","Status","int","int","","True","False",""
"TicketComments","ViewingAppointmentId","int","int","","True","False","RealEstate.Models.ViewingAppointment"
"TrackingSessions","BasePrice","decimal","decimal(18,2)","","True","False",""
"TrackingSessions","CreatedAt","DateTime","datetime2","","True","False",""
"TrackingSessions","CustomerEmail","string","nvarchar(max)","","True","False",""
"TrackingSessions","CustomerName","string","nvarchar(max)","","True","False",""
"TrackingSessions","CustomerPhone","string","nvarchar(max)","","True","False",""
"TrackingSessions","EmployeeId","int","int","","True","False","RealEstate.Models.Employee"
"TrackingSessions","FinalPrice","decimal","decimal(18,2)","","True","False",""
"TrackingSessions","Notes","string","nvarchar(max)","","True","False",""
"TrackingSessions","PropertyId","int","int","","True","False","RealEstate.Models.Property"
"TrackingSessions","PropertyId1","int?","int","","True","False","RealEstate.Models.Property"
"TrackingSessions","SellerId","int","int","","True","False","RealEstate.Models.PropertySeller"
"TrackingSessions","SellingPrice","decimal","decimal(18,2)","","True","False",""
"TrackingSessions","Status","string","nvarchar(max)","","False","False",""
"TrackingSessions","TransactionId","int","int","","True","True","RealEstate.Models.Transaction"
"TrackingSessions","TransactionId","int","","","True","True","RealEstate.Models.Transaction"
"TrackingSessions","UserId","int","int","","True","False","RealEstate.Models.ApplicationUser"
"Transactions","AppointmentId","int","int","","True","False","RealEstate.Models.Appointment"
"Transactions","BuyerType","string","nvarchar(50)","50","True","False",""
"Transactions","CreatedAtUtc","DateTime","datetime2","","True","False",""
"Transactions","CustomerEmail","string","nvarchar(255)","255","True","False",""
"Transactions","CustomerId","int?","int","","True","False","RealEstate.Models.Customer"
"Transactions","CustomerName","string","nvarchar(100)","100","False","False",""
"Transactions","CustomerPhone","string","nvarchar(20)","20","True","False",""
"Transactions","CustomerPhotoUrl","string","nvarchar(500)","500","True","False",""
"Transactions","FinancingStatus","string","nvarchar(50)","50","True","False",""
"Transactions","Id","int","","","True","True",""
"Transactions","Id","int","int","","True","True",""
"Transactions","InformationSource","string","nvarchar(50)","50","True","False",""
"Transactions","Notes","string","nvarchar(1000)","1000","True","False",""
"Transactions","NumberOfVisitors","int","int","","True","False",""
"Transactions","PreferredTime","string","nvarchar(20)","20","True","False",""
"Transactions","PropertyId","int","int","","True","False","RealEstate.Models.Property"
"Transactions","Status","int","int","","True","False",""
"Transactions","WhenUtc","DateTime","datetime2","","True","False",""
